{
    // Use IntelliSense to learn about possible attributes.
    // Hover to view descriptions of existing attributes.
    // For more information, visit: https://go.microsoft.com/fwlink/?linkid=830387
    "version": "0.2.0",
    "configurations": [
        
        {
            "type": "pwa-msedge",
            "request": "launch",
            "name": "Open index.html",
            "file": "file:///F:/webdev/index.html"
        },
        {
            "name": "Launch Microsoft Edge and open the Edge DevTools",
            "request": "launch",
            "type": "vscode-edge-devtools.debug",
            "url": "file:///F:/webdev/index.html" // Provide your project's url to finish configuring
        }
    ]
}
